"Address","Street #","Street Name","Street suffix","Unit #","ZIP"
"39 A Street 02127","39","A","Street","6","02127"
"39 A Street 02127","39","A","Street","10","02127"
"39 A Street 02127","39","A","Street","15","02127"
"80 A Street 02127","80","A","Street","5","02127"
"319 A Street 02210","319","A","Street","203","02210"
"319 A Street 02210","319","A","Street","209","02210"
"319 A Street 02210","319","A","Street","304","02210"
"319 A Street 02210","319","A","Street","312","02210"
"615 Adams Street 02124","615","Adams","Street","A","02124"
"1241 Adams Street 02124","1241","Adams","Street","F104","02124"
"1241 Adams Street 02124","1241","Adams","Street","F105","02124"
"1241 Adams Street 02124","1241","Adams","Street","F107","02124"
"1241 Adams Street 02124","1241","Adams","Street","F204","02124"
"1241 Adams Street 02124","1241","Adams","Street","F205","02124"
"1241 Adams Street 02124","1241","Adams","Street","F207","02124"
"1241 Adams Street 02124","1241","Adams","Street","F304","02124"
"1241 Adams Street 02124","1241","Adams","Street","F305","02124"
"1241 Adams Street 02124","1241","Adams","Street","F307","02124"
"1241 Adams Street 02124","1241","Adams","Street","F405","02124"
"1243 Adams Street 02124","1243","Adams","Street","PM104","02124"
"1243 Adams Street 02124","1243","Adams","Street","PM204","02124"
"1243 Adams Street 02124","1243","Adams","Street","PM205","02124"
"1243 Adams Street 02124","1243","Adams","Street","PM304","02124"
"1243 Adams Street 02124","1243","Adams","Street","PM305","02124"
"1241-1255 Adams Street 02124","1241-1255","Adams","Street","103","02124"
"1241-1255 Adams Street 02124","1241-1255","Adams","Street","104","02124"
"1241-1255 Adams Street 02124","1241-1255","Adams","Street","206","02124"
"1241-1255 Adams Street 02124","1241-1255","Adams","Street","209","02124"
"1241-1255 Adams Street 02124","1241-1255","Adams","Street","302","02124"
"1241-1255 Adams Street 02124","1241-1255","Adams","Street","305","02124"
"1241-1255 Adams Street 02124","1241-1255","Adams","Street","402","02124"
"1241-1255 Adams Street 02124","1241-1255","Adams","Street","505","02124"
"82 Alleghany Street 02127","82","Alleghany","Street",NA,"02127"
"84 Alleghany Street 02127","84","Alleghany","Street",NA,"02127"
"25 Alpine Street 02136","25","Alpine","Street","2","02136"
"25 Alpine Street 02136","25","Alpine","Street","5","02136"
"25 Alpine Street 02134","25","Alpine","Street","23","02134"
"25 Alpine Street 02128","25","Alpine","Street","27","02128"
"30 B Street 02127","30","B","Street","202","02127"
"125 B Street 02127","125","B","Street","1D","02127"
"125 B Street 02127","125","B","Street","3C","02127"
"141 B Street 02127","141","B","Street","2","02127"
"32 Baldwin Street 02129","32","Baldwin","Street",NA,"02129"
"34 Baldwin Street 02129","34","Baldwin","Street",NA,"02129"
"40 Baldwin Street 02129","40","Baldwin","Street",NA,"02129"
"42 Baldwin Street 02129","42","Baldwin","Street",NA,"02129"
"111 Beach Street 02134","111","Beach","Street","2F","02134"
"111 Beach Street 02134","111","Beach","Street","3F","02134"
"111 Beach Street 02128","111","Beach","Street","3G","02128"
"42-44 Beach Street 02111","42-44","Beach","Street","4A","02111"
"42-44 Beach Street 02111","42-44","Beach","Street","4C","02111"
"42-44 Beach Street 02111","42-44","Beach","Street","5A","02111"
"2400 Beacon Street 02467","2400","Beacon","Street","111","02467"
"2400 Beacon Street 02467","2400","Beacon","Street","205","02467"
"2400 Beacon Street 02467","2400","Beacon","Street","206","02467"
"2400 Beacon Street 02467","2400","Beacon","Street","207","02467"
"2400 Beacon Street 02467","2400","Beacon","Street","212","02467"
"2400 Beacon Street 02467","2400","Beacon","Street","214","02467"
"2400 Beacon Street 02467","2400","Beacon","Street","305","02467"
"2400 Beacon Street 02467","2400","Beacon","Street","306","02467"
"2400 Beacon Street 02467","2400","Beacon","Street","314","02467"
"2400 Beacon Street 02467","2400","Beacon","Street","413","02467"
"2400 Beacon Street 02467","2400","Beacon","Street","513","02467"
"142 Bigelow Street 02135","142","Bigelow","Street","101","02135"
"142 Bigelow Street 02135","142","Bigelow","Street","205","02135"
"142 Bigelow Street 02135","142","Bigelow","Street","302","02135"
"564 Blue Hill Avenue 02121","564","Blue Hill","Avenue","1","02121"
"564 Blue Hill Avenue 02121","564","Blue Hill","Avenue","2","02121"
"564 Blue Hill Avenue 02121","564","Blue Hill","Avenue","4","02121"
"10 Bowdoin Street 02130","10","Bowdoin","Street","6","02130"
"10 Bowdoin Street 02129","10","Bowdoin","Street","203","02129"
"10 Bowdoin Street 02129","10","Bowdoin","Street","204","02129"
"10 Bowdoin Street 02127","10","Bowdoin","Street","205","02127"
"10 Bowdoin Street 02127","10","Bowdoin","Street","206","02127"
"10 Bowdoin Street 02127","10","Bowdoin","Street","208","02127"
"10 Bowdoin Street 02114","10","Bowdoin","Street","209","02114"
"10 Bowdoin Street 02114","10","Bowdoin","Street","214","02114"
"10 Bowdoin Street 02135","10","Bowdoin","Street","302","02135"
"10 Bowdoin Street 02135","10","Bowdoin","Street","308","02135"
"10 Bowdoin Street 02114","10","Bowdoin","Street","309","02114"
"10 Bowdoin Street 02114","10","Bowdoin","Street","313","02114"
"10 Bowdoin Street 02108","10","Bowdoin","Street","315","02108"
"10 Bowdoin Street 02135","10","Bowdoin","Street","316","02135"
"10 Bowdoin Street 02114","10","Bowdoin","Street","404","02114"
"10 Bowdoin Street 02114","10","Bowdoin","Street","410","02114"
"10 Bowdoin Street 02135","10","Bowdoin","Street","414","02135"
"10 Bowdoin Street 02135","10","Bowdoin","Street","502","02135"
"70 Bremen Street 02128","70","Bremen","Street","203","02128"
"70 Bremen Street 02128","70","Bremen","Street","208","02128"
"70 Bremen Street 02128","70","Bremen","Street","301","02128"
"70 Bremen Street 02128","70","Bremen","Street","403","02128"
"70 Bremen Street 02128","70","Bremen","Street","504","02128"
"80 Broad Street 02110","80","Broad","Street","206","02110"
"80 Broad Street 02110","80","Broad","Street","506","02110"
"80 Broad Street 02110","80","Broad","Street","709","02110"
"110 Broad Street 02110","110","Broad","Street","Loft 1","02110"
"110 Broad Street 02110","110","Broad","Street","Loft 2","02110"
"110 Broad Street 02110","110","Broad","Street","Loft 3","02110"
"110 Broad Street 02110","110","Broad","Street","Loft 4","02110"
"110 Broad Street 02110","110","Broad","Street","Loft 5","02110"
"188 Brookline Avenue 02215","188","Brookline","Avenue","19F","02215"
"374-398 Bunker Hill Street 02129","374-398","Bunker Hill","Street","103","02129"
"374-398 Bunker Hill Street 02129","374-398","Bunker Hill","Street","105","02129"
"374-398 Bunker Hill Street 02129","374-398","Bunker Hill","Street","109","02129"
"374-398 Bunker Hill Street 02129","374-398","Bunker Hill","Street","114","02129"
"374-398 Bunker Hill Street 02129","374-398","Bunker Hill","Street","204","02129"
"374-398 Bunker Hill Street 02129","374-398","Bunker Hill","Street","216","02129"
"73 Burroughs Street 02130","73","Burroughs","Street","G","02130"
"18 Business Terrace 02136","18","Business","Terrace","18","02136"
"29 Business Terrace 02136","29","Business","Terrace","29","02136"
"16A Business Terrace 02136","16A","Business","Terrace","16A","02136"
"60A Business Terrace 02136","60A","Business","Terrace","60A","02136"
"533 Cambridge Street 02134","533","Cambridge","Street","104","02134"
"533 Cambridge Street 02134","533","Cambridge","Street","109","02134"
"533 Cambridge Street 02134","533","Cambridge","Street","202","02134"
"533 Cambridge Street 02134","533","Cambridge","Street","210","02134"
"533 Cambridge Street 02134","533","Cambridge","Street","305","02134"
"533 Cambridge Street 02134","533","Cambridge","Street","308","02134"
"327 Centre Street 02130","327","Centre","Street","206","02130"
"319-329A Centre Street 02130","319-329A","Centre","Street","303","02130"
"35 Channel Center Street 02210","35","Channel Center","Street","203","02210"
"35 Channel Center Street 02210","35","Channel Center","Street","207","02210"
"35 Channel Center Street 02210","35","Channel Center","Street","208","02210"
"35 Channel Center Street 02210","35","Channel Center","Street","304","02210"
"35 Channel Center Street 02210","35","Channel Center","Street","309","02210"
"35 Channel Center Street 02210","35","Channel Center","Street","408","02210"
"5 Charles Street 02129","5","Charles","Street",NA,"02129"
"9 Charles Street 02129","9","Charles","Street",NA,"02129"
"17 Charles Street 02129","17","Charles","Street","A6","02129"
"42 Chauncy Street 02110","42","Chauncy","Street","2C","02110"
"42 Chauncy Street 02111","42","Chauncy","Street","2D","02111"
"42 Chauncy Street 02111","42","Chauncy","Street","3D","02111"
"42 Chauncy Street 02111","42","Chauncy","Street","4D","02111"
"65 Chelsea Street 02129","65","Chelsea","Street","C1-103","02129"
"65 Chelsea Street 02129","65","Chelsea","Street","C1-203","02129"
"65 Chelsea Street 02129","65","Chelsea","Street","C1-204","02129"
"65 Chelsea Street 02129","65","Chelsea","Street","C1-205","02129"
"65 Chelsea Street 02129","65","Chelsea","Street","C1-304","02129"
"65 Chelsea Street 02129","65","Chelsea","Street","C1-305","02129"
"73 Chelsea Street 02129","73","Chelsea","Street","C2-103","02129"
"73 Chelsea Street 02129","73","Chelsea","Street","C2-203","02129"
"73 Chelsea Street 02129","73","Chelsea","Street","C2-204","02129"
"73 Chelsea Street 02129","73","Chelsea","Street","C2-205","02129"
"73 Chelsea Street 02129","73","Chelsea","Street","C2-304","02129"
"73 Chelsea Street 02129","73","Chelsea","Street","C2-305","02129"
"2 Chestnut Street 02129","2","Chestnut","Street",NA,"02129"
"4 Chestnut Street 02129","4","Chestnut","Street",NA,"02129"
"6 Chestnut Street 02129","6","Chestnut","Street",NA,"02129"
"8 Chestnut Street 02129","8","Chestnut","Street",NA,"02129"
"10 Chestnut Street 02129","10","Chestnut","Street",NA,"02129"
"12 Chestnut Street 02129","12","Chestnut","Street",NA,"02129"
"99 Chestnut Hill Avenue 02135","99","Chestnut Hill","Avenue","102","02135"
"99 Chestnut Hill Avenue 02135","99","Chestnut Hill","Avenue","104","02135"
"163 Chestnut Hill Avenue 02128","163","Chestnut Hill","Avenue","102","02128"
"163 Chestnut Hill Avenue 02128","163","Chestnut Hill","Avenue","204","02128"
"163 Chestnut Hill Avenue 02134","163","Chestnut Hill","Avenue","301","02134"
"165 Chestnut Hill Avenue 02135","165","Chestnut Hill","Avenue","8","02135"
"23A Circuit Street 02119","23A","Circuit","Street","23-2","02119"
"23B Circuit Street 02119","23B","Circuit","Street","23-1","02119"
"27A Circuit Street 02119","27A","Circuit","Street","27-2","02119"
"37B Circuit Street 02119","37B","Circuit","Street","37-1","02119"
"39A Circuit Street 02119","39A","Circuit","Street","39-2","02119"
"39B Circuit Street 02119","39B","Circuit","Street","39-1","02119"
"41A Circuit Street 02119","41A","Circuit","Street","41-2","02119"
"41B Circuit Street 02119","41B","Circuit","Street","41-1","02119"
"47A Circuit Street 02119","47A","Circuit","Street","47-2","02119"
"47B Circuit Street 02119","47B","Circuit","Street","47-1","02119"
"6 Clarendon Street 02116","6","Clarendon","Street","301","02116"
"14 Clarendon Street 02116","14","Clarendon","Street","201","02116"
"14 Clarendon Street 02116","14","Clarendon","Street","301","02116"
"14 Clarendon Street 02116","14","Clarendon","Street","401","02116"
"71 Cliffmont Street 02131","71","Cliffmont","Street",NA,"02131"
"73 Cliffmont Street 02131","73","Cliffmont","Street",NA,"02131"
"1306 Columbia Road 02127","1306","Columbia","Road","1B","02127"
"1306 Columbia Road 02127","1306","Columbia","Road","1D","02127"
"285 Columbus Avenue 02116","285","Columbus","Avenue","201","02116"
"285 Columbus Avenue 02116","285","Columbus","Avenue","202","02116"
"285 Columbus Avenue 02116","285","Columbus","Avenue","209","02116"
"285 Columbus Avenue 02116","285","Columbus","Avenue","301","02116"
"285 Columbus Avenue 02116","285","Columbus","Avenue","304","02116"
"285 Columbus Avenue 02116","285","Columbus","Avenue","308","02116"
"285 Columbus Avenue 02116","285","Columbus","Avenue","402","02116"
"285 Columbus Avenue 02116","285","Columbus","Avenue","403","02116"
"352 Columbus Avenue 02116","352","Columbus","Avenue","5","02116"
"354 Columbus Avenue 02116","354","Columbus","Avenue","3","02116"
"356 Columbus Avenue 02116","356","Columbus","Avenue","4","02116"
"301-319 Columbus Avenue 02127","301-319","Columbus","Avenue","201","02127"
"301-319 Columbus Avenue 02116","301-319","Columbus","Avenue","202","02116"
"440 Commercial Street 02109","440","Commercial","Street","203","02109"
"440 Commercial Street 02109","440","Commercial","Street","303","02109"
"1650 Commonwealth Avenue 02135","1650","Commonwealth","Avenue","201","02135"
"1650 Commonwealth Avenue 02135","1650","Commonwealth","Avenue","307","02135"
"1650 Commonwealth Avenue 02135","1650","Commonwealth","Avenue","401","02135"
"1650 Commonwealth Avenue 02135","1650","Commonwealth","Avenue","502","02135"
"1650 Commonwealth Avenue 02135","1650","Commonwealth","Avenue","601","02135"
"346-354 Congress Street 02210","346-354","Congress","Street","102","02210"
"346-354 Congress Street 02210","346-354","Congress","Street","104","02210"
"346-354 Congress Street 02210","346-354","Congress","Street","106","02210"
"346-354 Congress Street 02210","346-354","Congress","Street","201","02210"
"346-354 Congress Street 02210","346-354","Congress","Street","303","02210"
"346-354 Congress Street 02210","346-354","Congress","Street","314","02210"
"346-354 Congress Street 02210","346-354","Congress","Street","416","02210"
"346-354 Congress Street 02210","346-354","Congress","Street","514","02210"
"65 Cornwall Street 02130","65","Cornwall","Street","110","02130"
"65 Cornwall Street 02130","65","Cornwall","Street","204","02130"
"65 Cornwall Street 02130","65","Cornwall","Street","208","02130"
"345 D Street 02127","345","D","Street","2","02127"
"12 Dacy Street 02136","12","Dacy","Street","11","02136"
"25 Dale Street 02119","25","Dale","Street","1","02119"
"25 Dale Street 02119","25","Dale","Street","2","02119"
"25 Dale Street 02119","25","Dale","Street","3","02119"
"25 Dale Street 02119","25","Dale","Street","4","02119"
"141 Dorchester Avenue 02127","141","Dorchester","Avenue","104","02127"
"141 Dorchester Avenue 02127","141","Dorchester","Avenue","110","02127"
"141 Dorchester Avenue 02127","141","Dorchester","Avenue","114","02127"
"141 Dorchester Avenue 02127","141","Dorchester","Avenue","203","02127"
"141 Dorchester Avenue 02127","141","Dorchester","Avenue","205","02127"
"141 Dorchester Avenue 02127","141","Dorchester","Avenue","208","02127"
"141 Dorchester Avenue 02127","141","Dorchester","Avenue","218","02127"
"141 Dorchester Avenue 02127","141","Dorchester","Avenue","304","02127"
"141 Dorchester Avenue 02127","141","Dorchester","Avenue","305","02127"
"141 Dorchester Avenue 02127","141","Dorchester","Avenue","310","02127"
"141 Dorchester Avenue 02127","141","Dorchester","Avenue","311","02127"
"141 Dorchester Avenue 02127","141","Dorchester","Avenue","316","02127"
"141 Dorchester Avenue 02127","141","Dorchester","Avenue","403","02127"
"141 Dorchester Avenue 02127","141","Dorchester","Avenue","404","02127"
"141 Dorchester Avenue 02127","141","Dorchester","Avenue","407","02127"
"141 Dorchester Avenue 02127","141","Dorchester","Avenue","418","02127"
"141 Dorchester Avenue 02127","141","Dorchester","Avenue","505","02127"
"141 Dorchester Avenue 02127","141","Dorchester","Avenue","514","02127"
"141 Dorchester Avenue 02127","141","Dorchester","Avenue","604","02127"
"141 Dorchester Avenue 02127","141","Dorchester","Avenue","LW-201","02127"
"150 Dorchester Avenue 02127","150","Dorchester","Avenue","103","02127"
"150 Dorchester Avenue 02127","150","Dorchester","Avenue","205","02127"
"150 Dorchester Avenue 02727","150","Dorchester","Avenue","208","02727"
"150 Dorchester Avenue 02127","150","Dorchester","Avenue","303","02127"
"150 Dorchester Avenue 02127","150","Dorchester","Avenue","306","02127"
"150 Dorchester Avenue 02127","150","Dorchester","Avenue","402","02127"
"225 Dorchester Street 02127","225","Dorchester","Street","12","02127"
"225 Dorchester Street 02127","225","Dorchester","Street","17","02127"
"225 Dorchester Street 02127","225","Dorchester","Street","23","02127"
"225 Dorchester Street 02127","225","Dorchester","Street","28","02127"
"488 Dorchester Avenue 02127","488","Dorchester","Avenue","2F","02127"
"488 Dorchester Avenue 02127","488","Dorchester","Avenue","2J","02127"
"488 Dorchester Avenue 02127","488","Dorchester","Avenue","3E","02127"
"488 Dorchester Avenue 02127","488","Dorchester","Avenue","3H","02127"
"944 Dorchester Avenue 02125","944","Dorchester","Avenue","6","02125"
"944 Dorchester Avenue 02125","944","Dorchester","Avenue","14","02125"
"944 Dorchester Avenue 02125","944","Dorchester","Avenue","16","02125"
"944 Dorchester Avenue 02125","944","Dorchester","Avenue","24","02125"
"944 Dorchester Avenue 02125","944","Dorchester","Avenue","26","02125"
"944 Dorchester Avenue 02125","944","Dorchester","Avenue","27","02125"
"944 Dorchester Avenue 02125","944","Dorchester","Avenue","31","02125"
"944 Dorchester Avenue 02125","944","Dorchester","Avenue","32","02125"
"950 Dorchester Avenue 02125","950","Dorchester","Avenue","203","02125"
"950 Dorchester Avenue 02125","950","Dorchester","Avenue","206","02125"
"148-152 Dorchester Street 02127","148-152","Dorchester","Street","111","02127"
"148-152 Dorchester Street 02127","148-152","Dorchester","Street","210","02127"
"148-152 Dorchester Street 02127","148-152","Dorchester","Street","311","02127"
"148-152 Dorchester Street 02127","148-152","Dorchester","Street","414","02127"
"1971-1977 Dorchester Avenue 02124","1971-1977","Dorchester","Avenue","5003","02124"
"1971-1977 Dorchester Avenue 02124","1971-1977","Dorchester","Avenue","5009","02124"
"1971-1977 Dorchester Avenue 02124","1971-1977","Dorchester","Avenue","5016","02124"
"1971-1977 Dorchester Avenue 02124","1971-1977","Dorchester","Avenue","6016","02124"
"3F Dorchester Street 02127","3F","Dorchester","Street",NA,"02127"
"205 E Street 02127","205","E","Street","18S","02127"
"205 E Street 02127","205","E","Street","1N","02127"
"205 E Street 02127","205","E","Street","4S","02127"
"205 E Street 02127","205","E","Street","7N","02127"
"309 E Street 02127","309","E","Street","26","02127"
"309 E Street 02127","309","E","Street","34","02127"
"69 East Berkeley Street 02118","69","East Berkeley","Street","69-4","02118"
"69 East Berkeley Street 02118","69","East Berkeley","Street","69-7","02118"
"73 East Berkeley Street 02118","73","East Berkeley","Street","73-1","02118"
"73 East Berkeley Street 02118","73","East Berkeley","Street","73-2","02118"
"73 East Berkeley Street 02118","73","East Berkeley","Street","73-4","02118"
"73 East Berkeley Street 02118","73","East Berkeley","Street","73-5","02118"
"73 East Berkeley Street 02118","73","East Berkeley","Street","73-6","02118"
"73 East Berkeley Street 02118","73","East Berkeley","Street","73-7","02118"
"77 East Berkeley Street 02118","77","East Berkeley","Street","77-1","02118"
"77 East Berkeley Street 02118","77","East Berkeley","Street","77-10","02118"
"77 East Berkeley Street 02118","77","East Berkeley","Street","77-2","02118"
"77 East Berkeley Street 02118","77","East Berkeley","Street","77-6","02118"
"77 East Berkeley Street 02118","77","East Berkeley","Street","77-7","02118"
"77 East Berkeley Street 02118","77","East Berkeley","Street","77-8","02118"
"77 East Berkeley Street 02118","77","East Berkeley","Street","77-9","02118"
"81 East Berkeley Street 02118","81","East Berkeley","Street","81-1","02118"
"81 East Berkeley Street 02118","81","East Berkeley","Street","81-2","02118"
"81 East Berkeley Street 02118","81","East Berkeley","Street","81-3","02118"
"81 East Berkeley Street 02118","81","East Berkeley","Street","81-4","02118"
"81 East Berkeley Street 02118","81","East Berkeley","Street","81-5","02118"
"81 East Berkeley Street 02118","81","East Berkeley","Street","81-6","02118"
"81 East Berkeley Street 02118","81","East Berkeley","Street","81-7","02118"
"139 East Berkeley Street 02118","139","East Berkeley","Street","101","02118"
"139 East Berkeley Street 02118","139","East Berkeley","Street","102","02118"
"82-84 East Brookline Street 02118","82-84","East Brookline","Street","4","02118"
"621 East First Street 02127","621","East First","Street","A-1","02127"
"621 East First Street 02127","621","East First","Street","A-7","02127"
"621 East First Street 02127","621","East First","Street","B-3","02127"
"621 East First Street 02127","621","East First","Street","B-4","02127"
"606 East Fourth Street 02127","606","East Fourth","Street","102","02127"
"606 East Fourth Street 02127","606","East Fourth","Street","204","02127"
"616 East Fourth Street 02127","616","East Fourth","Street","101","02127"
"616 East Fourth Street 02127","616","East Fourth","Street","103","02127"
"616 East Fourth Street 02210","616","East Fourth","Street","206","02210"
"525 East Second Street 02127","525","East Second","Street","4","02127"
"655 East Second Street 02127","655","East Second","Street","105","02127"
"655 East Second Street 02127","655","East Second","Street","109","02127"
"881 East Second Street 02127","881","East Second","Street","3","02127"
"881 East Second Street 02127","881","East Second","Street","8","02127"
"10 East Springfield Street 02118","10","East Springfield","Street","2","02118"
"770 East Third Street 02127","770","East Third","Street","4","02127"
"772 East Third Street 02127","772","East Third","Street","4","02127"
"181 Essex Street 02111","181","Essex","Street","E-203","02111"
"181 Essex Street 02111","181","Essex","Street","E-301","02111"
"181 Essex Street 02111","181","Essex","Street","E-305","02111"
"181 Essex Street 02111","181","Essex","Street","E-401","02111"
"21 Father Francis J. Gilday Street 02118","21","Father Francis J. Gilday","Street","509","02118"
"35 Fay Street 02118","35","Fay","Street","E-210","02118"
"35 Fay Street 02118","35","Fay","Street","E-212","02118"
"35 Fay Street 02118","35","Fay","Street","E-216","02118"
"35 Fay Street 02118","35","Fay","Street","E-306","02118"
"35 Fay Street 02118","35","Fay","Street","E-310","02118"
"35 Fay Street 02118","35","Fay","Street","E-312","02118"
"35 Fay Street 02118","35","Fay","Street","E-406","02118"
"40 Fay Street 02118","40","Fay","Street","H-203","02118"
"40 Fay Street 02118","40","Fay","Street","H-204","02118"
"40 Fay Street 02118","40","Fay","Street","H-205","02118"
"40 Fay Street 02118","40","Fay","Street","H-304","02118"
"40 Fay Street 02118","40","Fay","Street","H-305","02118"
"40 Fay Street 02118","40","Fay","Street","H-404","02118"
"45 First Avenue 02129","45","First","Avenue","108","02129"
"45 First Avenue 02129","45","First","Avenue","112","02129"
"45 First Avenue 02129","45","First","Avenue","201","02129"
"45 First Avenue 02129","45","First","Avenue","206","02129"
"45 First Avenue 02129","45","First","Avenue","210","02129"
"45 First Avenue 02129","45","First","Avenue","306","02129"
"45 First Avenue 02129","45","First","Avenue","310","02129"
"45 First Avenue 02129","45","First","Avenue","313","02129"
"45 First Avenue 02129","45","First","Avenue","401","02129"
"45 First Avenue 02129","45","First","Avenue","406","02129"
"45 First Avenue 02129","45","First","Avenue","410","02129"
"110 First Avenue 02129","110","First","Avenue","101","02129"
"110 First Avenue 02129","110","First","Avenue","102","02129"
"110 First Avenue 02129","110","First","Avenue","201","02129"
"110 First Avenue 02129","110","First","Avenue","202","02129"
"110 First Avenue 02129","110","First","Avenue","301","02129"
"110 First Avenue 02129","110","First","Avenue","302","02129"
"110 First Avenue 02129","110","First","Avenue","303","02129"
"110 First Avenue 02129","110","First","Avenue","304","02129"
"110 First Avenue 02129","110","First","Avenue","401","02129"
"110 First Avenue 02129","110","First","Avenue","402","02129"
"110 First Avenue 02129","110","First","Avenue","403","02129"
"110 First Avenue 02129","110","First","Avenue","404","02129"
"110 First Avenue 02129","110","First","Avenue","501","02129"
"110 First Avenue 02129","110","First","Avenue","502","02129"
"110 First Avenue 02129","110","First","Avenue","503","02129"
"110 First Avenue 02129","110","First","Avenue","504","02129"
"110 First Avenue 02129","110","First","Avenue","601","02129"
"110 First Avenue 02129","110","First","Avenue","602","02129"
"24 Forbes Street 02130","24","Forbes","Street","1","02130"
"26 Forbes Street 02130","26","Forbes","Street","1","02130"
"28 Forbes Street 02130","28","Forbes","Street","1","02130"
"100 Fulton Street 02109","100","Fulton","Street","1R","02109"
"100 Fulton Street 02109","100","Fulton","Street","1S","02109"
"100 Fulton Street 02109","100","Fulton","Street","1T","02109"
"100 Fulton Street 02109","100","Fulton","Street","2A","02109"
"100 Fulton Street 02109","100","Fulton","Street","2V","02109"
"100 Fulton Street 02109","100","Fulton","Street","3V","02109"
"431 Gallivan Boulevard 02124","431","Gallivan","Boulevard",NA,"02124"
"435 Gallivan Boulevard 02124","435","Gallivan","Boulevard",NA,"02124"
"1 Garden Street 02114","1","Garden","Street","1","02114"
"9 Gardner Street 02134","9","Gardner","Street","4","02134"
"9 Gardner Street 02134","9","Gardner","Street","6","02134"
"120 George Street 02119","120","George","Street","1","02119"
"120 George Street 02119","120","George","Street","2","02119"
"120 George Street 02121","120","George","Street","3","02121"
"120 George Street 02121","120","George","Street","4","02121"
"2 Glenwood Avenue 02136","2","Glenwood","Avenue","1","02136"
"6 Gordon Avenue 02136","6","Gordon","Avenue","6","02136"
"8 Gordon Avenue 02136","8","Gordon","Avenue","8","02136"
"23A Grantley Street 02136","23A","Grantley","Street","1","02136"
"25B Grantley Street 02136","25B","Grantley","Street","6","02136"
"111 Green Street 02130","111","Green","Street","101","02130"
"111 Green Street 02130","111","Green","Street","202","02130"
"131 Green Street 02130","131","Green","Street","107","02130"
"156 Green Street 02130","156","Green","Street","202","02130"
"156 Green Street 02130","156","Green","Street","305","02130"
"101A Grew Avenue 02131","101A","Grew","Avenue","IV-8","02131"
"103B Grew Avenue 02131","103B","Grew","Avenue","IV-7","02131"
"83A Grew Avenue 02131","83A","Grew","Avenue","VI-2","02131"
"83B Grew Avenue 02131","83B","Grew","Avenue","VI-1","02131"
"85B Grew Avenue 02131","85B","Grew","Avenue","VI-3","02131"
"89B Grew Avenue 02131","89B","Grew","Avenue","VI-7","02131"
"97A Grew Avenue 02131","97A","Grew","Avenue","V-2","02131"
"725 Harrison Avenue 02118","725","Harrison","Avenue","E-101","02118"
"725 Harrison Avenue 02118","725","Harrison","Avenue","E-201","02118"
"725 Harrison Avenue 02118","725","Harrison","Avenue","E-203","02118"
"725 Harrison Avenue 02118","725","Harrison","Avenue","E-305","02118"
"725 Harrison Avenue 02118","725","Harrison","Avenue","E-401","02118"
"725 Harrison Avenue 02118","725","Harrison","Avenue","E-405","02118"
"725 Harrison Avenue 02118","725","Harrison","Avenue","E-406","02118"
"725 Harrison Avenue 02118","725","Harrison","Avenue","E-501","02118"
"725 Harrison Avenue 02118","725","Harrison","Avenue","E-506","02118"
"735 Harrison Avenue 02118","735","Harrison","Avenue","W-102","02118"
"735 Harrison Avenue 02118","735","Harrison","Avenue","W-201","02118"
"735 Harrison Avenue 02118","735","Harrison","Avenue","W-202","02118"
"735 Harrison Avenue 02118","735","Harrison","Avenue","W-203","02118"
"735 Harrison Avenue 02118","735","Harrison","Avenue","W-301","02118"
"735 Harrison Avenue 02118","735","Harrison","Avenue","W-302","02118"
"735 Harrison Avenue 02118","735","Harrison","Avenue","W-303","02118"
"735 Harrison Avenue 02118","735","Harrison","Avenue","W-304","02118"
"735 Harrison Avenue 02118","735","Harrison","Avenue","W-305","02118"
"735 Harrison Avenue 02118","735","Harrison","Avenue","W-401","02118"
"735 Harrison Avenue 02118","735","Harrison","Avenue","W-402","02118"
"735 Harrison Avenue 02118","735","Harrison","Avenue","W-403","02118"
"735 Harrison Avenue 02118","735","Harrison","Avenue","W-404","02118"
"735 Harrison Avenue 02118","735","Harrison","Avenue","W-405","02118"
"2 Hawthorne Place 02114","2","Hawthorne","Place","14K","02114"
"251 Heath Street 02130","251","Heath","Street","101","02130"
"251 Heath Street 02130","251","Heath","Street","104","02130"
"251 Heath Street 02130","251","Heath","Street","109","02130"
"251 Heath Street 02130","251","Heath","Street","212","02130"
"251 Heath Street 02130","251","Heath","Street","302","02130"
"251 Heath Street 02130","251","Heath","Street","307","02130"
"251 Heath Street 02130","251","Heath","Street","412","02130"
"251 Heath Street 02130","251","Heath","Street","415","02130"
"4A Herman Street 02119","4A","Herman","Street","4A","02119"
"4B Herman Street 02119","4B","Herman","Street","4B","02119"
"67 Highland Street 02119","67","Highland","Street","1","02119"
"75 Highland Street 02119","75","Highland","Street","2","02119"
"226-232 Highland Street 02119","226-232","Highland","Street","230","02119"
"18 Hollander Street 02135","18","Hollander","Street","18","02135"
"20 Hollander Street 02121","20","Hollander","Street","20","02121"
"22 Hollander Street 02135","22","Hollander","Street","22","02135"
"24 Hollander Street 02135","24","Hollander","Street","24","02135"
"26 Hollander Street 02135","26","Hollander","Street","26","02135"
"28 Hollander Street 02114","28","Hollander","Street","28","02114"
"30 Hollander Street 02114","30","Hollander","Street","30","02114"
"32 Hollander Street 02121","32","Hollander","Street","32","02121"
"34 Hollander Street 02114","34","Hollander","Street","34","02114"
"36 Hollander Street 02127","36","Hollander","Street","36","02127"
"38 Hollander Street 02121","38","Hollander","Street","38","02121"
"40 Hollander Street 02121","40","Hollander","Street","40","02121"
"44 Hollander Street 02121","44","Hollander","Street","44","02121"
"46 Hollander Street 02121","46","Hollander","Street","46","02121"
"113 Holton Street 02135","113","Holton","Street","1","02135"
"115 Holton Street 02127","115","Holton","Street","3","02127"
"117 Holton Street 02127","117","Holton","Street","5","02127"
"119 Holton Street 02127","119","Holton","Street","7","02127"
"121 Holton Street 02127","121","Holton","Street","9","02127"
"123 Holton Street 02130","123","Holton","Street","11","02130"
"113A Holton Street 02135","113A","Holton","Street","2","02135"
"115A Holton Street 02127","115A","Holton","Street","4","02127"
"117A Holton Street 02127","117A","Holton","Street","6","02127"
"119A Holton Street 02127","119A","Holton","Street","8","02127"
"121A Holton Street 02130","121A","Holton","Street","10","02130"
"123A Holton Street 02114","123A","Holton","Street","12","02114"
"153 Hyde Park Avenue 02130","153","Hyde Park","Avenue","B","02130"
"157 Hyde Park Avenue 02130","157","Hyde Park","Avenue","B","02130"
"169 Hyde Park Avenue 02130","169","Hyde Park","Avenue","B","02130"
"3 Johnson Terrace 02124","3","Johnson","Terrace","1","02124"
"3 Johnson Terrace 02124","3","Johnson","Terrace","2","02124"
"3 Johnson Terrace 02124","3","Johnson","Terrace","3","02124"
"3 Johnson Terrace 02124","3","Johnson","Terrace","4","02124"
"3 Johnson Terrace 02124","3","Johnson","Terrace","5","02124"
"3 Johnson Terrace 02124","3","Johnson","Terrace","6","02124"
"3 Johnson Terrace 02124","3","Johnson","Terrace","7","02124"
"3 Johnson Terrace 02124","3","Johnson","Terrace","8","02124"
"88 Kingston Street 02111","88","Kingston","Street","1A","02111"
"88 Kingston Street 02111","88","Kingston","Street","1C","02111"
"88 Kingston Street 02111","88","Kingston","Street","3B","02111"
"88 Kingston Street 02111","88","Kingston","Street","3C","02111"
"3 Lambert Street 02119","3","Lambert","Street","1","02119"
"5 Lambert Street 02119","5","Lambert","Street","1","02119"
"2 Lee Hill Road 02131","2","Lee Hill","Road","6","02131"
"22 Liberty Drive 02210","22","Liberty","Drive","3G","02210"
"22 Liberty Drive 02210","22","Liberty","Drive","4J","02210"
"50 Liberty Drive 02210","50","Liberty","Drive","3E","02210"
"50 Liberty Drive 02210","50","Liberty","Drive","3I","02210"
"50 Liberty Drive 02210","50","Liberty","Drive","4H","02210"
"50 Liberty Drive 02210","50","Liberty","Drive","5H","02210"
"70 Lincoln Street 02111","70","Lincoln","Street","L-216","02111"
"70 Lincoln Street 02111","70","Lincoln","Street","L-217","02111"
"70 Lincoln Street 02111","70","Lincoln","Street","L-314","02111"
"70 Lincoln Street 02111","70","Lincoln","Street","L-319","02111"
"70 Lincoln Street 02111","70","Lincoln","Street","L-410","02111"
"70 Lincoln Street 02111","70","Lincoln","Street","L-415","02111"
"70 Lincoln Street 02111","70","Lincoln","Street","L-517","02111"
"101 Litchfield Street 02114","101","Litchfield","Street","13","02114"
"103 Litchfield Street 02127","103","Litchfield","Street","15","02127"
"105 Litchfield Street 02129","105","Litchfield","Street","17","02129"
"107 Litchfield Street 02135","107","Litchfield","Street","19","02135"
"101A Litchfield Street 02114","101A","Litchfield","Street","14","02114"
"103A Litchfield Street 02129","103A","Litchfield","Street","16","02129"
"105A Litchfield Street 02135","105A","Litchfield","Street","18","02135"
"107A Litchfield Street 02135","107A","Litchfield","Street","20","02135"
"1-3 Louis Terrace 02124","1-3","Louis","Terrace","1B","02124"
"257 Main Street 02129","257","Main","Street","2","02129"
"257 Main Street 02129","257","Main","Street","3","02129"
"261 Main Street 02129","261","Main","Street","2","02129"
"261 Main Street 02129","261","Main","Street","3","02129"
"438 Main Street 02129","438","Main","Street",NA,"02129"
"440 Main Street 02129","440","Main","Street",NA,"02129"
"446 Main Street 02129","446","Main","Street",NA,"02129"
"449 Main Street 02129","449","Main","Street",NA,"02129"
"451 Main Street 02129","451","Main","Street",NA,"02129"
"456 Main Street 02129","456","Main","Street",NA,"02129"
"457 Main Street 02129","457","Main","Street",NA,"02129"
"459 Main Street 02129","459","Main","Street",NA,"02129"
"466 Main Street 02129","466","Main","Street",NA,"02129"
"470 Main Street 02129","470","Main","Street",NA,"02129"
"185 Massachusetts Avenue 02115","185","Massachusetts","Avenue","101","02115"
"185 Massachusetts Avenue 02115","185","Massachusetts","Avenue","102","02115"
"424 Massachusetts Avenue 02134","424","Massachusetts","Avenue","101","02134"
"424 Massachusetts Avenue 02118","424","Massachusetts","Avenue","301","02118"
"691 Massachusetts Avenue 02116","691","Massachusetts","Avenue","104","02116"
"691 Massachusetts Avenue 02116","691","Massachusetts","Avenue","105","02116"
"320 Maverick Street 02128","320","Maverick","Street","205","02128"
"320 Maverick Street 02128","320","Maverick","Street","208","02128"
"320 Maverick Street 02128","320","Maverick","Street","302","02128"
"320 Maverick Street 02128","320","Maverick","Street","306","02128"
"300 Medford Street 02129","300","Medford","Street","1","02129"
"300 Medford Street 02129","300","Medford","Street","2","02129"
"300 Medford Street 02129","300","Medford","Street","3","02129"
"250 Meridian Street 02128","250","Meridian","Street","210","02128"
"250 Meridian Street 02128","250","Meridian","Street","212","02128"
"250 Meridian Street 02128","250","Meridian","Street","301","02128"
"250 Meridian Street 02128","250","Meridian","Street","309","02128"
"250 Meridian Street 02128","250","Meridian","Street","312","02128"
"250 Meridian Street 02128","250","Meridian","Street","409","02128"
"250 Meridian Street 02128","250","Meridian","Street","414","02128"
"250 Meridian Street 02128","250","Meridian","Street","512","02128"
"16 Miner Street 02114","16","Miner","Street","113","02114"
"16 Miner Street 02127","16","Miner","Street","202","02127"
"16 Miner Street 02130","16","Miner","Street","209","02130"
"16 Miner Street 02127","16","Miner","Street","305","02127"
"16 Miner Street 02215","16","Miner","Street","407","02215"
"120 Mountfort Street 02215","120","Mountfort","Street","101","02215"
"120 Mountfort Street 02215","120","Mountfort","Street","106","02215"
"120 Mountfort Street 02215","120","Mountfort","Street","304","02215"
"120 Mountfort Street 02215","120","Mountfort","Street","405","02215"
"1 Nassau Street 02111","1","Nassau","Street","1002","02111"
"1 Nassau Street 02111","1","Nassau","Street","1003","02111"
"1 Nassau Street 02111","1","Nassau","Street","1006","02111"
"1 Nassau Street 02111","1","Nassau","Street","1007","02111"
"1 Nassau Street 02111","1","Nassau","Street","1008","02111"
"1 Nassau Street 02111","1","Nassau","Street","1102","02111"
"1 Nassau Street 02111","1","Nassau","Street","1103","02111"
"1 Nassau Street 02111","1","Nassau","Street","1106","02111"
"1 Nassau Street 02111","1","Nassau","Street","1107","02111"
"1 Nassau Street 02111","1","Nassau","Street","1108","02111"
"1 Nassau Street 02111","1","Nassau","Street","1202","02111"
"1 Nassau Street 02111","1","Nassau","Street","1204","02111"
"1 Nassau Street 02111","1","Nassau","Street","1205","02111"
"1 Nassau Street 02111","1","Nassau","Street","1207","02111"
"1 Nassau Street 02111","1","Nassau","Street","1208","02111"
"1 Nassau Street 02111","1","Nassau","Street","1303","02111"
"1 Nassau Street 02111","1","Nassau","Street","1306","02111"
"1 Nassau Street 02111","1","Nassau","Street","1307","02111"
"1 Nassau Street 02111","1","Nassau","Street","1308","02111"
"1 Nassau Street 02111","1","Nassau","Street","1403","02111"
"1 Nassau Street 02111","1","Nassau","Street","1404","02111"
"1 Nassau Street 02111","1","Nassau","Street","1406","02111"
"1 Nassau Street 02111","1","Nassau","Street","1503","02111"
"1 Nassau Street 02111","1","Nassau","Street","1505","02111"
"1 Nassau Street 02111","1","Nassau","Street","1506","02111"
"1 Nassau Street 02111","1","Nassau","Street","1507","02111"
"1 Nassau Street 02111","1","Nassau","Street","1602","02111"
"1 Nassau Street 02111","1","Nassau","Street","1604","02111"
"1 Nassau Street 02111","1","Nassau","Street","1606","02111"
"1 Nassau Street 02111","1","Nassau","Street","1608","02111"
"1 Nassau Street 02111","1","Nassau","Street","1708","02111"
"1 Nassau Street 02111","1","Nassau","Street","1908","02111"
"360 Newbury Street 02115","360","Newbury","Street","402","02115"
"360 Newbury Street 02115","360","Newbury","Street","406","02115"
"360 Newbury Street 02115","360","Newbury","Street","506","02115"
"360 Newbury Street 02115","360","Newbury","Street","606","02115"
"360 Newbury Street 02115","360","Newbury","Street","706","02115"
"65 Nightingale Street 02124","65","Nightingale","Street","1A","02124"
"65 Nightingale Street 02124","65","Nightingale","Street","2A","02124"
"65 Nightingale Street 02124","65","Nightingale","Street","3A","02124"
"67 Nightingale Street 02124","67","Nightingale","Street","3B","02124"
"67 Nightingale Street 02124","67","Nightingale","Street","4B","02124"
"69 Nightingale Street 02124","69","Nightingale","Street","1","02124"
"69 Nightingale Street 02124","69","Nightingale","Street","2","02124"
"69 Nightingale Street 02124","69","Nightingale","Street","3","02124"
"69 Nightingale Street 02124","69","Nightingale","Street","4","02124"
"255 Northampton Street 02118","255","Northampton","Street","101","02118"
"255 Northampton Street 02118","255","Northampton","Street","204","02118"
"257 Northampton Street 02127","257","Northampton","Street","102","02127"
"257 Northampton Street 02114","257","Northampton","Street","103","02114"
"257 Northampton Street 02130","257","Northampton","Street","104","02130"
"257 Northampton Street 02132","257","Northampton","Street","105","02132"
"257 Northampton Street 02118","257","Northampton","Street","206","02118"
"257 Northampton Street 02118","257","Northampton","Street","207","02118"
"257 Northampton Street 02118","257","Northampton","Street","208","02118"
"70-72 Northampton Street 02118","70-72","Northampton","Street","102","02118"
"70-72 Northampton Street 02118","70-72","Northampton","Street","103","02118"
"70-72 Northampton Street 02118","70-72","Northampton","Street","104","02118"
"70-72 Northampton Street 02118","70-72","Northampton","Street","203","02118"
"70-72 Northampton Street 02118","70-72","Northampton","Street","204","02118"
"70-72 Northampton Street 02118","70-72","Northampton","Street","303","02118"
"60 Norwell Street 02121","60","Norwell","Street","1","02121"
"70 Norwell Street 02121","70","Norwell","Street","1","02121"
"70 Norwell Street 02121","70","Norwell","Street","2","02121"
"70 Norwell Street 02121","70","Norwell","Street","3","02121"
"70 Norwell Street 02121","70","Norwell","Street","4","02121"
"152 Old Colony Avenue 02127","152","Old Colony","Avenue","3","02127"
"152 Old Colony Avenue 02127","152","Old Colony","Avenue","5","02127"
"152 Old Colony Avenue 02127","152","Old Colony","Avenue","16","02127"
"232 Old Colony Avenue 02127","232","Old Colony","Avenue","202","02127"
"232 Old Colony Avenue 02127","232","Old Colony","Avenue","303","02127"
"232 Old Colony Avenue 02127","232","Old Colony","Avenue","503","02127"
"275 Old Colony Avenue 02127","275","Old Colony","Avenue","4","02127"
"275 Old Colony Avenue 02127","275","Old Colony","Avenue","9","02127"
"20 Penniman Square 02134","20","Penniman","Square","106","02134"
"20 Penniman Square 02134","20","Penniman","Square","107","02134"
"20 Penniman Square 02134","20","Penniman","Square","204","02134"
"20 Penniman Square 02134","20","Penniman","Square","205","02134"
"20 Penniman Square 02134","20","Penniman","Square","306","02134"
"20 Penniman Square 02134","20","Penniman","Square","405","02134"
"30 Polk Street 02129","30","Polk","Street","102","02129"
"30 Polk Street 02129","30","Polk","Street","105","02129"
"30 Polk Street 02129","30","Polk","Street","201","02129"
"30 Polk Street 02129","30","Polk","Street","204","02129"
"76 Pond Street 02130","76","Pond","Street","P","02130"
"26 Pontiac Street 02120","26","Pontiac","Street","A","02120"
"26 Pontiac Street 02120","26","Pontiac","Street","B","02120"
"26 Pontiac Street 02120","26","Pontiac","Street","C","02120"
"156 Porter Street 02128","156","Porter","Street","102","02128"
"156 Porter Street 02128","156","Porter","Street","103","02128"
"156 Porter Street 02128","156","Porter","Street","106","02128"
"156 Porter Street 02128","156","Porter","Street","110","02128"
"156 Porter Street 01212","156","Porter","Street","114","01212"
"156 Porter Street 02128","156","Porter","Street","122","02128"
"156 Porter Street 02128","156","Porter","Street","123","02128"
"156 Porter Street 02128","156","Porter","Street","124","02128"
"156 Porter Street 02128","156","Porter","Street","128","02128"
"156 Porter Street 02128","156","Porter","Street","133","02128"
"156 Porter Street 02128","156","Porter","Street","136","02128"
"156 Porter Street 02128","156","Porter","Street","144","02128"
"156 Porter Street 02128","156","Porter","Street","152","02128"
"156 Porter Street 02128","156","Porter","Street","156","02128"
"156 Porter Street 02128","156","Porter","Street","204","02128"
"156 Porter Street 02128","156","Porter","Street","205","02128"
"156 Porter Street 02128","156","Porter","Street","208","02128"
"156 Porter Street 02128","156","Porter","Street","216","02128"
"156 Porter Street 02128","156","Porter","Street","220","02128"
"156 Porter Street 02128","156","Porter","Street","226","02128"
"156 Porter Street 02128","156","Porter","Street","227","02128"
"156 Porter Street 02128","156","Porter","Street","233","02128"
"156 Porter Street 02128","156","Porter","Street","234","02128"
"156 Porter Street 02128","156","Porter","Street","240","02128"
"156 Porter Street 02128","156","Porter","Street","241","02128"
"156 Porter Street 02128","156","Porter","Street","254","02128"
"156 Porter Street 02128","156","Porter","Street","256","02128"
"156 Porter Street 02128","156","Porter","Street","312","02128"
"156 Porter Street 02128","156","Porter","Street","322","02128"
"156 Porter Street 02128","156","Porter","Street","327","02128"
"156 Porter Street 02128","156","Porter","Street","349","02128"
"156 Porter Street 02128","156","Porter","Street","354","02128"
"121 Portland Street 02114","121","Portland","Street","201","02114"
"121 Portland Street 02114","121","Portland","Street","301","02114"
"121 Portland Street 02114","121","Portland","Street","308","02114"
"121 Portland Street 02114","121","Portland","Street","402","02114"
"121 Portland Street 02114","121","Portland","Street","410","02114"
"121 Portland Street 02114","121","Portland","Street","510","02114"
"121 Portland Street 02114","121","Portland","Street","610","02114"
"44 Prince Street 02113","44","Prince","Street","102","02113"
"44 Prince Street 02113","44","Prince","Street","108","02113"
"44 Prince Street 02113","44","Prince","Street","208","02113"
"44 Prince Street 02109","44","Prince","Street","209","02109"
"44 Prince Street 02113","44","Prince","Street","212","02113"
"44 Prince Street 02113","44","Prince","Street","312","02113"
"29 Prospect Street 02129","29","Prospect","Street",NA,"02129"
"64A Regent Street 02119","64A","Regent","Street","64-2","02119"
"64B Regent Street 02119","64B","Regent","Street","64-1","02119"
"66A Regent Street 02119","66A","Regent","Street","66-2","02119"
"66B Regent Street 02119","66B","Regent","Street","66-1","02119"
"18 Robert Street 02131","18","Robert","Street","2","02131"
"20 Rockland Street 02119","20","Rockland","Street","1","02119"
"20 Rockland Street 02119","20","Rockland","Street","2","02119"
"20 Rockland Street 02119","20","Rockland","Street","3","02119"
"8 Rowe Court 02131","8","Rowe","Court","8","02131"
"10 Rowe Court 02131","10","Rowe","Court","10","02131"
"463 Rutherford Avenue 02129","463","Rutherford","Avenue","201","02129"
"463 Rutherford Avenue 02129","463","Rutherford","Avenue","203","02129"
"1 Saint George Street 02118","1","Saint George","Street","1A","02118"
"1 Saint George Street 02118","1","Saint George","Street","1B","02118"
"1 Saint George Street 02118","1","Saint George","Street","2A","02118"
"1 Saint George Street 02118","1","Saint George","Street","2B","02118"
"1 Saint George Street 02118","1","Saint George","Street","3A","02118"
"1 Saint George Street 02118","1","Saint George","Street","4C","02118"
"1 Saint George Street 02118","1","Saint George","Street","5A","02118"
"10 Saint George Street 02118","10","Saint George","Street","101","02118"
"10 Saint George Street 02118","10","Saint George","Street","105","02118"
"10 Saint George Street 02118","10","Saint George","Street","201","02118"
"10 Saint George Street 02118","10","Saint George","Street","305","02118"
"11 Saint George Street 02118","11","Saint George","Street","11A","02118"
"11 Saint George Street 02118","11","Saint George","Street","11B","02118"
"11 Saint George Street 02118","11","Saint George","Street","11C","02118"
"11 Saint George Street 02118","11","Saint George","Street","12A","02118"
"11 Saint George Street 02118","11","Saint George","Street","12C","02118"
"11 Saint George Street 02118","11","Saint George","Street","13B","02118"
"11 Saint George Street 02118","11","Saint George","Street","14B","02118"
"66 Saint George Street 02119","66","Saint George","Street","102","02119"
"66 Saint George Street 02119","66","Saint George","Street","103","02119"
"66 Saint George Street 02119","66","Saint George","Street","105","02119"
"66 Saint George Street 02119","66","Saint George","Street","106","02119"
"66 Saint George Street 02119","66","Saint George","Street","205","02119"
"66 Saint George Street 02119","66","Saint George","Street","207","02119"
"910 Saratoga Street 02128","910","Saratoga","Street","3","02128"
"910 Saratoga Street 02127","910","Saratoga","Street","12","02127"
"910 Saratoga Street 02128","910","Saratoga","Street","17","02128"
"219 Shawmut Avenue 02118","219","Shawmut","Avenue","219-1A","02118"
"219 Shawmut Avenue 02118","219","Shawmut","Avenue","219-1B","02118"
"225 Shawmut Avenue 02118","225","Shawmut","Avenue","225-1B","02118"
"478 Shawmut Avenue 02118","478","Shawmut","Avenue","1","02118"
"478 Shawmut Avenue 02118","478","Shawmut","Avenue","3","02118"
"478 Shawmut Avenue 02118","478","Shawmut","Avenue","4","02118"
"758 Shawmut Avenue 02119","758","Shawmut","Avenue","1","02119"
"758 Shawmut Avenue 02119","758","Shawmut","Avenue","2","02119"
"758 Shawmut Avenue 02119","758","Shawmut","Avenue","3","02119"
"760 Shawmut Avenue 02119","760","Shawmut","Avenue","4","02119"
"762 Shawmut Avenue 02119","762","Shawmut","Avenue","5","02119"
"764 Shawmut Avenue 02119","764","Shawmut","Avenue","6","02119"
"766 Shawmut Avenue 02119","766","Shawmut","Avenue","7","02119"
"768 Shawmut Avenue 02119","768","Shawmut","Avenue","8","02119"
"770 Shawmut Avenue 02119","770","Shawmut","Avenue","9","02119"
"772 Shawmut Avenue 02119","772","Shawmut","Avenue","10","02119"
"774 Shawmut Avenue 02119","774","Shawmut","Avenue","11","02119"
"776 Shawmut Avenue 02127","776","Shawmut","Avenue","12","02127"
"778 Shawmut Avenue 02127","778","Shawmut","Avenue","13","02127"
"780 Shawmut Avenue 02114","780","Shawmut","Avenue","14","02114"
"782 Shawmut Avenue 02135","782","Shawmut","Avenue","15","02135"
"18 Sigourney Street 02130","18","Sigourney","Street","G","02130"
"20 Sigourney Street 02130","20","Sigourney","Street","D","02130"
"210 South Street 02111","210","South","Street","2-1","02111"
"210 South Street 02111","210","South","Street","3-3","02111"
"210 South Street 02111","210","South","Street","7-3","02111"
"210 South Street 02111","210","South","Street","8-1","02111"
"210 South Street 02111","210","South","Street","9-5","02111"
"26 Stillman Street 02113","26","Stillman","Street","1-1","02113"
"26 Stillman Street 02113","26","Stillman","Street","2-4","02113"
"26 Stillman Street 02113","26","Stillman","Street","2-5","02113"
"400 Stuart Street 02116","400","Stuart","Street","15L","02116"
"330 Summit Avenue 02135","330","Summit","Avenue","102","02135"
"330 Summit Avenue 02135","330","Summit","Avenue","105","02135"
"113 Sumner Street 02128","113","Sumner","Street","11","02128"
"113 Sumner Street 02128","113","Sumner","Street","12","02128"
"113 Sumner Street 02128","113","Sumner","Street","13","02128"
"113 Sumner Street 02128","113","Sumner","Street","21","02128"
"113 Sumner Street 02128","113","Sumner","Street","22","02128"
"113 Sumner Street 02128","113","Sumner","Street","23","02128"
"113 Sumner Street 02128","113","Sumner","Street","24","02128"
"113 Sumner Street 02128","113","Sumner","Street","25","02128"
"113 Sumner Street 02128","113","Sumner","Street","31","02128"
"113 Sumner Street 02128","113","Sumner","Street","32","02128"
"113 Sumner Street 02128","113","Sumner","Street","33","02128"
"113 Sumner Street 02128","113","Sumner","Street","34","02128"
"113 Sumner Street 02128","113","Sumner","Street","35","02128"
"113 Sumner Street 02128","113","Sumner","Street","41","02128"
"113 Sumner Street 02128","113","Sumner","Street","42","02128"
"113 Sumner Street 02128","113","Sumner","Street","43","02128"
"113 Sumner Street 02128","113","Sumner","Street","45","02128"
"113 Sumner Street 02128","113","Sumner","Street","51","02128"
"113 Sumner Street 02128","113","Sumner","Street","52","02128"
"113 Sumner Street 02128","113","Sumner","Street","53","02128"
"113 Sumner Street 02128","113","Sumner","Street","54","02128"
"113 Sumner Street 02128","113","Sumner","Street","55","02128"
"113 Sumner Street 02128","113","Sumner","Street","61","02128"
"113 Sumner Street 02128","113","Sumner","Street","62","02128"
"113 Sumner Street 02128","113","Sumner","Street","63","02128"
"113 Sumner Street 02128","113","Sumner","Street","64","02128"
"113 Sumner Street 02128","113","Sumner","Street","65","02128"
"113 Sumner Street 02128","113","Sumner","Street","71","02128"
"113 Sumner Street 02128","113","Sumner","Street","72","02128"
"180 Telford Street 02135","180","Telford","Street","207","02135"
"180 Telford Street 02135","180","Telford","Street","208","02135"
"180 Telford Street 02135","180","Telford","Street","301","02135"
"180 Telford Street 02135","180","Telford","Street","314","02135"
"180 Telford Street 02135","180","Telford","Street","401","02135"
"180 Telford Street 02135","180","Telford","Street","414","02135"
"103 Thirteenth Street 02129","103","Thirteenth","Street","101","02129"
"103 Thirteenth Street 02129","103","Thirteenth","Street","201","02129"
"103 Thirteenth Street 02129","103","Thirteenth","Street","301","02129"
"103 Thirteenth Street 02129","103","Thirteenth","Street","302","02129"
"103 Thirteenth Street 02129","103","Thirteenth","Street","401","02129"
"103 Thirteenth Street 02129","103","Thirteenth","Street","402","02129"
"106 Thirteenth Street 02129","106","Thirteenth","Street","101","02129"
"106 Thirteenth Street 02129","106","Thirteenth","Street","102","02129"
"106 Thirteenth Street 02129","106","Thirteenth","Street","103","02129"
"106 Thirteenth Street 02129","106","Thirteenth","Street","104","02129"
"106 Thirteenth Street 02129","106","Thirteenth","Street","217","02129"
"106 Thirteenth Street 02129","106","Thirteenth","Street","220","02129"
"106 Thirteenth Street 02129","106","Thirteenth","Street","222","02129"
"106 Thirteenth Street 02129","106","Thirteenth","Street","233","02129"
"106 Thirteenth Street 02129","106","Thirteenth","Street","235","02129"
"101A Thirteenth Street 02129","101A","Thirteenth","Street",NA,"02129"
"101B Thirteenth Street 02129","101B","Thirteenth","Street",NA,"02129"
"77A Thirteenth Street 02129","77A","Thirteenth","Street",NA,"02129"
"77B Thirteenth Street 02129","77B","Thirteenth","Street",NA,"02129"
"79A Thirteenth Street 02129","79A","Thirteenth","Street",NA,"02129"
"79B Thirteenth Street 02129","79B","Thirteenth","Street",NA,"02129"
"81A Thirteenth Street 02129","81A","Thirteenth","Street",NA,"02129"
"81B Thirteenth Street 02129","81B","Thirteenth","Street",NA,"02129"
"83A Thirteenth Street 02129","83A","Thirteenth","Street",NA,"02129"
"83B Thirteenth Street 02129","83B","Thirteenth","Street",NA,"02129"
"85A Thirteenth Street 02129","85A","Thirteenth","Street",NA,"02129"
"85B Thirteenth Street 02129","85B","Thirteenth","Street",NA,"02129"
"87A Thirteenth Street 02129","87A","Thirteenth","Street",NA,"02129"
"87B Thirteenth Street 02129","87B","Thirteenth","Street",NA,"02129"
"89A Thirteenth Street 02129","89A","Thirteenth","Street",NA,"02129"
"89B Thirteenth Street 02129","89B","Thirteenth","Street",NA,"02129"
"91A Thirteenth Street 02129","91A","Thirteenth","Street",NA,"02129"
"91B Thirteenth Street 02129","91B","Thirteenth","Street",NA,"02129"
"93A Thirteenth Street 02129","93A","Thirteenth","Street",NA,"02129"
"93B Thirteenth Street 02129","93B","Thirteenth","Street",NA,"02129"
"95A Thirteenth Street 02129","95A","Thirteenth","Street",NA,"02129"
"95B Thirteenth Street 02129","95B","Thirteenth","Street",NA,"02129"
"97A Thirteenth Street 02129","97A","Thirteenth","Street",NA,"02129"
"97B Thirteenth Street 02129","97B","Thirteenth","Street",NA,"02129"
"99A Thirteenth Street 02129","99A","Thirteenth","Street",NA,"02129"
"99B Thirteenth Street 02129","99B","Thirteenth","Street",NA,"02129"
"40 Traveler Street 02118","40","Traveler","Street","204","02118"
"40 Traveler Street 02135","40","Traveler","Street","304","02135"
"30-36 Traveler Street 02118","30-36","Traveler","Street","201","02118"
"30-36 Traveler Street 02118","30-36","Traveler","Street","205","02118"
"30-36 Traveler Street 02118","30-36","Traveler","Street","208","02118"
"30-36 Traveler Street 02118","30-36","Traveler","Street","213","02118"
"30-36 Traveler Street 02115","30-36","Traveler","Street","301","02115"
"30-36 Traveler Street 02118","30-36","Traveler","Street","308","02118"
"30-36 Traveler Street 02118","30-36","Traveler","Street","401","02118"
"30-36 Traveler Street 02135","30-36","Traveler","Street","507","02135"
"57 Tremont Street 02129","57","Tremont","Street",NA,"02129"
"69 Tremont Street 02129","69","Tremont","Street",NA,"02129"
"99 Tremont Street 02135","99","Tremont","Street","103","02135"
"99 Tremont Street 02135","99","Tremont","Street","110","02135"
"99 Tremont Street 02135","99","Tremont","Street","201","02135"
"99 Tremont Street 02135","99","Tremont","Street","216","02135"
"99 Tremont Street 02135","99","Tremont","Street","306","02135"
"99 Tremont Street 02135","99","Tremont","Street","315","02135"
"99 Tremont Street 02135","99","Tremont","Street","411","02135"
"99 Tremont Street 02135","99","Tremont","Street","419","02135"
"980 Tremont Street 02120","980","Tremont","Street","4","02120"
"30 Union Park Street 02118","30","Union Park","Street","206","02118"
"30 Union Park Street 02118","30","Union Park","Street","406","02118"
"990 VFW Parkway 02132","990","VFW","Parkway","103","02132"
"990 VFW Parkway 02132","990","VFW","Parkway","204","02132"
"990 VFW Parkway 02132","990","VFW","Parkway","302","02132"
"1100 VFW Parkway 02132","1100","VFW","Parkway","107","02132"
"1100 VFW Parkway 02132","1100","VFW","Parkway","207","02132"
"27 Wareham Street 02118","27","Wareham","Street","102","02118"
"27 Wareham Street 02118","27","Wareham","Street","206","02118"
"27 Wareham Street 02118","27","Wareham","Street","302","02118"
"90 Wareham Street 02118","90","Wareham","Street","A-205","02118"
"90 Wareham Street 02118","90","Wareham","Street","A-207","02118"
"90 Wareham Street 02118","90","Wareham","Street","A-211","02118"
"90 Wareham Street 02118","90","Wareham","Street","A-215","02118"
"90 Wareham Street 02118","90","Wareham","Street","A-304","02118"
"90 Wareham Street 02118","90","Wareham","Street","A-310","02118"
"90 Wareham Street 02118","90","Wareham","Street","A-404","02118"
"7 Warren Avenue 02116","7","Warren","Avenue","2","02116"
"7 Warren Avenue 02116","7","Warren","Avenue","7","02116"
"21 Warren Street 02139","21","Warren","Street",NA,"02139"
"72 Warren Avenue 02116","72","Warren","Avenue","101","02116"
"72 Warren Avenue 02116","72","Warren","Avenue","201","02116"
"78 Warren Avenue 02116","78","Warren","Avenue","101","02116"
"78 Warren Avenue 02116","78","Warren","Avenue","201","02116"
"78 Warren Avenue 02116","78","Warren","Avenue","302","02116"
"80 Warren Avenue 02116","80","Warren","Avenue","80","02116"
"23B Warren Street 02129","23B","Warren","Street",NA,"02129"
"453 Washington Street 02111","453","Washington","Street","5E","02111"
"1200 Washington Street 02118","1200","Washington","Street","112","02118"
"1200 Washington Street 02118","1200","Washington","Street","115","02118"
"1200 Washington Street 02118","1200","Washington","Street","118","02118"
"1200 Washington Street 02118","1200","Washington","Street","120","02118"
"1200 Washington Street 02118","1200","Washington","Street","209","02118"
"1200 Washington Street 02118","1200","Washington","Street","210","02118"
"1200 Washington Street 02118","1200","Washington","Street","211","02118"
"1200 Washington Street 02118","1200","Washington","Street","212","02118"
"1200 Washington Street 02118","1200","Washington","Street","214","02118"
"1200 Washington Street 02118","1200","Washington","Street","217","02118"
"1200 Washington Street 02118","1200","Washington","Street","221","02118"
"1200 Washington Street 02118","1200","Washington","Street","222","02118"
"1200 Washington Street 02118","1200","Washington","Street","308","02118"
"1200 Washington Street 02118","1200","Washington","Street","309","02118"
"1200 Washington Street 02118","1200","Washington","Street","310","02118"
"1200 Washington Street 02118","1200","Washington","Street","311","02118"
"1200 Washington Street 02118","1200","Washington","Street","313","02118"
"1200 Washington Street 02118","1200","Washington","Street","314","02118"
"1200 Washington Street 02118","1200","Washington","Street","316","02118"
"1200 Washington Street 02118","1200","Washington","Street","317","02118"
"1200 Washington Street 02118","1200","Washington","Street","108/110","02118"
"1200 Washington Street 02118","1200","Washington","Street","109/111","02118"
"1200 Washington Street 02118","1200","Washington","Street","112/114","02118"
"1200 Washington Street 02118","1200","Washington","Street","117/119","02118"
"1313 Washington Street 02118","1313","Washington","Street","208","02118"
"1313 Washington Street 02118","1313","Washington","Street","209","02118"
"1313 Washington Street 02118","1313","Washington","Street","213","02118"
"1313 Washington Street 02118","1313","Washington","Street","214","02118"
"1313 Washington Street 02118","1313","Washington","Street","216","02118"
"1313 Washington Street 02118","1313","Washington","Street","218","02118"
"1313 Washington Street 02118","1313","Washington","Street","307","02118"
"1313 Washington Street 02118","1313","Washington","Street","308","02118"
"1313 Washington Street 02118","1313","Washington","Street","313","02118"
"1313 Washington Street 02118","1313","Washington","Street","316","02118"
"1313 Washington Street 02118","1313","Washington","Street","318","02118"
"1313 Washington Street 02118","1313","Washington","Street","331","02118"
"1313 Washington Street 02118","1313","Washington","Street","406","02118"
"1313 Washington Street 02118","1313","Washington","Street","407","02118"
"1313 Washington Street 02118","1313","Washington","Street","412","02118"
"1313 Washington Street 02118","1313","Washington","Street","415","02118"
"1313 Washington Street 02118","1313","Washington","Street","417","02118"
"1313 Washington Street 02118","1313","Washington","Street","430","02118"
"1313 Washington Street 02118","1313","Washington","Street","603","02118"
"1313 Washington Street 02118","1313","Washington","Street","604","02118"
"1597 Washington Street 02118","1597","Washington","Street","404","02118"
"1597 Washington Street 02118","1597","Washington","Street","406","02118"
"1597 Washington Street 02118","1597","Washington","Street","407","02118"
"1597 Washington Street 02118","1597","Washington","Street","504","02118"
"1597 Washington Street 02118","1597","Washington","Street","506","02118"
"1597 Washington Street 02118","1597","Washington","Street","507","02118"
"1597 Washington Street 02118","1597","Washington","Street","607","02118"
"1721 Washington Street 02118","1721","Washington","Street","110","02118"
"1721 Washington Street 02118","1721","Washington","Street","303","02118"
"1723 Washington Street 02118","1723","Washington","Street","403","02118"
"3193 Washington Street 02130","3193","Washington","Street","203","02130"
"3193 Washington Street 02130","3193","Washington","Street","208","02130"
"3193 Washington Street 02130","3193","Washington","Street","301","02130"
"3193 Washington Street 02130","3193","Washington","Street","304","02130"
"3193 Washington Street 02130","3193","Washington","Street","307","02130"
"3193 Washington Street 02130","3193","Washington","Street","403","02130"
"3193 Washington Street 02130","3193","Washington","Street","408","02130"
"4040 Washington Street 02131","4040","Washington","Street","4","02131"
"4044 Washington Street 02131","4044","Washington","Street","6","02131"
"4048 Washington Street 02131","4048","Washington","Street","3","02131"
"5170 Washington Street 02132","5170","Washington","Street","205","02132"
"1180-1200 Washington Street 02118","1180-1200","Washington","Street","312","02118"
"45 West Broadway 02128","45","West","Broadway","101","02128"
"45 West Broadway 02134","45","West","Broadway","105","02134"
"45 West Broadway 02131","45","West","Broadway","106","02131"
"45 West Broadway 02127","45","West","Broadway","107","02127"
"45 West Broadway 02118","45","West","Broadway","110","02118"
"45 West Broadway 02131","45","West","Broadway","204","02131"
"45 West Broadway 02131","45","West","Broadway","205","02131"
"150 West Broadway 02127","150","West","Broadway","4","02127"
"150 West Broadway 02127","150","West","Broadway","7","02127"
"150 West Broadway 02127","150","West","Broadway","15","02127"
"170 West Broadway 02127","170","West","Broadway","202","02127"
"170 West Broadway 02127","170","West","Broadway","208","02127"
"170 West Broadway 02127","170","West","Broadway","304","02127"
"170 West Broadway 02127","170","West","Broadway","309","02127"
"143 West Brookline Street 02118","143","West Brookline","Street","201","02118"
"143 West Brookline Street 02118","143","West Brookline","Street","205","02118"
"143 West Brookline Street 02118","143","West Brookline","Street","206","02118"
"143 West Brookline Street 02118","143","West Brookline","Street","207","02118"
"143 West Brookline Street 02118","143","West Brookline","Street","208","02118"
"143 West Brookline Street 02118","143","West Brookline","Street","304","02118"
"143 West Brookline Street 02118","143","West Brookline","Street","306","02118"
"143 West Brookline Street 02118","143","West Brookline","Street","401","02118"
"143 West Brookline Street 02118","143","West Brookline","Street","402","02118"
"143 West Brookline Street 02118","143","West Brookline","Street","403","02118"
"143 West Brookline Street 02118","143","West Brookline","Street","405","02118"
"143 West Brookline Street 02118","143","West Brookline","Street","406","02118"
"143 West Brookline Street 02118","143","West Brookline","Street","407","02118"
"143 West Brookline Street 02118","143","West Brookline","Street","503","02118"
"143 West Brookline Street 02118","143","West Brookline","Street","504","02118"
"28 West Cottage Street 02125","28","West Cottage","Street","1","02125"
"28 West Cottage Street 02125","28","West Cottage","Street","2","02125"
"28 West Cottage Street 02125","28","West Cottage","Street","3","02125"
"28 West Cottage Street 02125","28","West Cottage","Street","4","02125"
"396 West First Street 02127","396","West First","Street",NA,"02127"
"401 West First Street 02127","401","West First","Street","103","02127"
"403 West First Street 02127","403","West First","Street","103","02127"
"404 West First Street 02210","404","West First","Street","11","02210"
"404 West First Street 02127","404","West First","Street","12","02127"
"404 West First Street 02127","404","West First","Street","13","02127"
"404 West First Street 02127","404","West First","Street","14","02127"
"404 West First Street 02210","404","West First","Street","15","02210"
"404 West First Street 02127","404","West First","Street","17","02127"
"404 West First Street 02124","404","West First","Street","21","02124"
"404 West First Street 02127","404","West First","Street","22","02127"
"404 West First Street 02210","404","West First","Street","23","02210"
"404 West First Street 02127","404","West First","Street","24","02127"
"404 West First Street 02127","404","West First","Street","25","02127"
"404 West First Street 02127","404","West First","Street","26","02127"
"404 West First Street 02127","404","West First","Street","27","02127"
"404 West First Street 02127","404","West First","Street","31","02127"
"404 West First Street 02127","404","West First","Street","33","02127"
"404 West First Street 02127","404","West First","Street","34","02127"
"404 West First Street 02127","404","West First","Street","35","02127"
"404 West First Street 02127","404","West First","Street","36","02127"
"404 West First Street 02127","404","West First","Street","37","02127"
"404 West First Street 02127","404","West First","Street","41","02127"
"404 West First Street 02127","404","West First","Street","42","02127"
"404 West First Street 02127","404","West First","Street","43","02127"
"404 West First Street 02127","404","West First","Street","44","02127"
"404 West First Street 02127","404","West First","Street","45","02127"
"404 West First Street 02127","404","West First","Street","46","02127"
"407 West First Street 02127","407","West First","Street","103","02127"
"407 West First Street 02127","407","West First","Street","201","02127"
"407 West First Street 02127","407","West First","Street","303","02127"
"141 West Second Street 02127","141","West Second","Street","103","02127"
"321 West Second Street 02127","321","West Second","Street","4","02127"
"323 West Second Street 02127","323","West Second","Street","1","02127"
"335 West Second Street 02127","335","West Second","Street","11","02127"
"335 West Second Street 02127","335","West Second","Street","24","02127"
"120 West Seventh Street 02135","120","West Seventh","Street","205","02135"
"2 West Sixth Street 02127","2","West Sixth","Street","101","02127"
"2 West Sixth Street 02127","2","West Sixth","Street","103","02127"
"2 West Sixth Street 02127","2","West Sixth","Street","204","02127"
"45 West Third Street 02127","45","West Third","Street","207","02127"
"45 West Third Street 02127","45","West Third","Street","210","02127"
"45 West Third Street 02127","45","West Third","Street","211","02127"
"45 West Third Street 02127","45","West Third","Street","216","02127"
"45 West Third Street 02127","45","West Third","Street","217","02127"
"45 West Third Street 02127","45","West Third","Street","219","02127"
"45 West Third Street 02127","45","West Third","Street","223","02127"
"45 West Third Street 02127","45","West Third","Street","301","02127"
"45 West Third Street 02127","45","West Third","Street","302","02127"
"45 West Third Street 02127","45","West Third","Street","311","02127"
"45 West Third Street 02127","45","West Third","Street","325","02127"
"45 West Third Street 02127","45","West Third","Street","326","02127"
"45 West Third Street 02127","45","West Third","Street","425","02127"
"312-320 West Third Street 02127","312-320","West Third","Street","101","02127"
"312-320 West Third Street 02127","312-320","West Third","Street","202","02127"
"1 Westinghouse Plaza 02136","1","Westinghouse","Plaza","206","02136"
"1 Westinghouse Plaza 02136","1","Westinghouse","Plaza","211","02136"
"1 Westinghouse Plaza 02136","1","Westinghouse","Plaza","212","02136"
"1 Westinghouse Plaza 02136","1","Westinghouse","Plaza","215","02136"
"1 Westinghouse Plaza 02136","1","Westinghouse","Plaza","217","02136"
"1 Westinghouse Plaza 02136","1","Westinghouse","Plaza","302","02136"
"1 Westinghouse Plaza 02136","1","Westinghouse","Plaza","304","02136"
"1 Westinghouse Plaza 02134","1","Westinghouse","Plaza","331","02134"
"43 Westland Avenue 02115","43","Westland","Avenue","110","02115"
"43 Westland Avenue 02115","43","Westland","Avenue","314","02115"
"11 Whipple Avenue 02131","11","Whipple","Avenue","6","02131"
"21 Wormwood Street 02210","21","Wormwood","Street","210","02210"
"21 Wormwood Street 02210","21","Wormwood","Street","212","02210"
"21 Wormwood Street 02210","21","Wormwood","Street","217","02210"
"21 Wormwood Street 02210","21","Wormwood","Street","223","02210"
"21 Wormwood Street 02210","21","Wormwood","Street","301","02210"
"21 Wormwood Street 02210","21","Wormwood","Street","305","02210"
"21 Wormwood Street 02210","21","Wormwood","Street","306","02210"
"21 Wormwood Street 02210","21","Wormwood","Street","319","02210"
"21 Wormwood Street 02210","21","Wormwood","Street","406","02210"
"21 Wormwood Street 02210","21","Wormwood","Street","410","02210"
"21 Wormwood Street 02210","21","Wormwood","Street","419","02210"
"21 Wormwood Street 02210","21","Wormwood","Street","507","02210"
"21 Wormwood Street 02210","21","Wormwood","Street","519","02210"
"21 Wormwood Street 02210","21","Wormwood","Street","523","02210"
